{"cameraMode":{"drawMode":0,"name":"Shaded","section":"Shading Mode"},"sceneLighting":false,"audioPlay":false,"sceneViewState":{"showFog":true,"showMaterialUpdate":false,"showSkybox":true,"showFlares":true,"showImageEffects":true,"showParticleSystems":true},"in2DMode":false,"pivot":{"x":2.3660354614257814,"y":-0.6303567886352539,"z":-1.4687740802764893},"rotation":{"x":-0.16941620409488679,"y":0.45730727910995486,"z":-0.08921080082654953,"w":-0.8684524297714233},"size":22.509166717529298,"orthographic":false}